2018-01-19T02:22:02Z, 26.1, 25
2018-01-19T02:22:11Z, 25.6, 25
2018-01-19T02:23:11Z, 25.0, 25
2018-01-19T02:24:02Z, 25.6, 26
2018-01-19T02:25:01Z, 25.6, 26
2018-01-19T02:26:01Z, 25.6, 26
2018-01-19T02:27:02Z, 25.6, 25
2018-01-19T02:28:01Z, 25.6, 25
2018-01-19T02:29:01Z, 25.0, 25
2018-01-19T02:30:01Z, 25.0, 26
2018-01-19T02:31:02Z, 25.6, 25
2018-01-19T02:32:02Z, 26.1, 25
2018-01-19T02:33:01Z, 25.6, 25
2018-01-19T02:34:02Z, 25.0, 25
2018-01-19T02:35:01Z, 26.1, 25
2018-01-19T02:36:01Z, 25.0, 25
2018-01-19T02:37:02Z, 25.6, 25
2018-01-19T02:38:01Z, 25.6, 25
2018-01-19T02:39:02Z, 25.6, 25
2018-01-19T02:40:01Z, 25.6, 25
2018-01-19T02:41:02Z, 25.6, 25
2018-01-19T02:42:01Z, 25.0, 25
2018-01-19T02:43:02Z, 25.0, 25
2018-01-19T02:44:01Z, 25.6, 25
2018-01-19T02:45:01Z, 25.0, 25
2018-01-19T02:46:02Z, 25.6, 25
2018-01-19T02:47:01Z, 25.6, 25
2018-01-19T02:48:02Z, 25.6, 25
2018-01-19T02:49:02Z, 25.6, 25
2018-01-19T02:50:01Z, 25.0, 25
2018-01-19T02:51:01Z, 25.6, 25
2018-01-19T02:52:01Z, 25.6, 25
2018-01-19T02:53:02Z, 25.0, 25
2018-01-19T02:54:01Z, 25.0, 25
2018-01-19T02:55:01Z, 25.6, 25
2018-01-19T02:56:01Z, 25.0, 25
2018-01-19T02:57:01Z, 25.0, 25
2018-01-19T02:58:02Z, 25.6, 25
2018-01-19T02:59:01Z, 25.6, 25
2018-01-19T03:00:02Z, 25.6, 25
2018-01-19T03:01:02Z, 25.0, 25
2018-01-19T03:02:01Z, 25.6, 25
2018-01-19T03:03:02Z, 25.6, 26
2018-01-19T03:04:01Z, 25.6, 25
2018-01-19T03:05:02Z, 25.0, 25
2018-01-19T03:06:02Z, 25.0, 25
2018-01-19T03:07:01Z, 25.0, 25
2018-01-19T03:08:02Z, 25.6, 25
2018-01-19T03:09:01Z, 25.0, 25
2018-01-19T03:10:02Z, 25.0, 25
2018-01-19T03:11:01Z, 25.0, 25
2018-01-19T03:12:02Z, 25.6, 25
2018-01-19T03:13:02Z, 25.0, 25
2018-01-19T03:14:02Z, 25.0, 25
2018-01-19T03:15:01Z, 25.6, 25
2018-01-19T03:16:01Z, 25.0, 25
2018-01-19T03:17:02Z, 25.6, 25
2018-01-19T03:18:01Z, 25.0, 25
2018-01-19T03:19:02Z, 25.0, 25
2018-01-19T03:20:01Z, 25.0, 25
2018-01-19T03:21:02Z, 25.0, 25
2018-01-19T03:22:01Z, 25.6, 25
2018-01-19T03:23:02Z, 26.1, 25
2018-01-19T03:24:01Z, 25.6, 25
2018-01-19T03:25:02Z, 25.0, 25
2018-01-19T03:26:01Z, 25.0, 25
2018-01-19T03:27:01Z, 25.0, 25
2018-01-19T03:28:01Z, 25.0, 25
2018-01-19T03:29:01Z, 25.0, 25
2018-01-19T03:30:02Z, 25.6, 25
2018-01-19T03:31:01Z, 25.6, 25
2018-01-19T03:32:02Z, 25.0, 25
2018-01-19T03:33:01Z, 25.0, 25
2018-01-19T03:34:01Z, 25.0, 25
2018-01-19T03:35:02Z, 25.0, 25
2018-01-19T03:36:01Z, 25.0, 25
2018-01-19T03:37:02Z, 25.0, 25
2018-01-19T03:38:01Z, 25.6, 25
2018-01-19T03:39:02Z, 25.6, 25
2018-01-19T03:40:01Z, 25.0, 25
2018-01-19T03:41:02Z, 25.0, 25
2018-01-19T03:42:01Z, 25.0, 25
2018-01-19T03:43:02Z, 25.0, 25
2018-01-19T03:44:01Z, 25.0, 25
2018-01-19T03:45:01Z, 25.0, 25
2018-01-19T03:46:02Z, 25.0, 25
2018-01-19T03:47:01Z, 25.0, 25
2018-01-19T03:48:02Z, 25.6, 25
2018-01-19T03:49:01Z, 25.6, 25
2018-01-19T03:50:01Z, 25.0, 25
2018-01-19T03:51:02Z, 25.0, 25
2018-01-19T03:52:01Z, 25.0, 25
2018-01-19T03:53:01Z, 25.6, 25
2018-01-19T03:54:02Z, 25.0, 25
2018-01-19T03:55:01Z, 25.0, 25
2018-01-19T03:56:02Z, 25.0, 25
2018-01-19T03:57:01Z, 25.0, 25
2018-01-19T03:58:02Z, 25.0, 25
2018-01-19T03:59:01Z, 25.0, 25
2018-01-19T04:00:02Z, 25.0, 25
2018-01-19T04:01:01Z, 25.0, 25
2018-01-19T04:02:02Z, 25.0, 25
2018-01-19T04:03:02Z, 25.0, 25
2018-01-19T04:04:02Z, 25.0, 25
2018-01-19T04:05:01Z, 25.0, 25
2018-01-19T04:06:02Z, 25.0, 25
2018-01-19T04:07:02Z, 25.0, 25
2018-01-19T04:08:01Z, 25.0, 25
2018-01-19T04:09:02Z, 25.0, 24
2018-01-19T04:10:01Z, 25.0, 24
2018-01-19T04:11:01Z, 25.0, 23
2018-01-19T04:12:02Z, 25.0, 24
2018-01-19T04:13:01Z, 25.0, 24
2018-01-19T04:14:02Z, 23.9, 23
2018-01-19T04:15:02Z, 23.9, 25
2018-01-19T04:16:01Z, 23.9, 25
2018-01-19T04:17:02Z, 24.5, 25
2018-01-19T04:18:01Z, 23.9, 23
2018-01-19T04:19:02Z, 25.0, 23
2018-01-19T04:20:01Z, 24.5, 24
2018-01-19T04:21:01Z, 23.9, 25
2018-01-19T04:22:02Z, 23.9, 23
2018-01-19T04:23:01Z, 23.9, 25
2018-01-19T04:24:02Z, 25.0, 25
2018-01-19T04:25:01Z, 25.0, 23
2018-01-19T04:26:02Z, 25.0, 25
2018-01-19T04:27:01Z, 25.0, 25
2018-01-19T04:28:01Z, 25.0, 24
2018-01-19T04:29:02Z, 24.5, 25
2018-01-19T04:30:01Z, 23.9, 25
2018-01-19T04:31:02Z, 25.0, 24
2018-01-19T04:32:01Z, 24.5, 25
2018-01-19T04:33:02Z, 23.9, 23
2018-01-19T04:34:01Z, 25.0, 23
2018-01-19T04:35:02Z, 24.5, 24
2018-01-19T04:36:01Z, 25.0, 25
2018-01-19T04:37:01Z, 25.0, 24
2018-01-19T04:38:02Z, 25.0, 25
2018-01-19T04:39:01Z, 25.0, 25
2018-01-19T04:40:02Z, 25.0, 25
2018-01-19T04:41:01Z, 24.5, 25
2018-01-19T04:42:02Z, 25.0, 25
2018-01-19T04:43:02Z, 25.0, 25
2018-01-19T04:44:01Z, 25.0, 25
2018-01-19T04:45:02Z, 25.0, 25
2018-01-19T04:46:01Z, 25.0, 24
2018-01-19T04:47:02Z, 25.0, 25
2018-01-19T04:48:01Z, 25.0, 25
2018-01-19T04:49:02Z, 25.0, 25
2018-01-19T04:50:02Z, 25.0, 25
2018-01-19T04:51:02Z, 25.0, 25
2018-01-19T04:52:01Z, 25.0, 25
2018-01-19T04:53:02Z, 25.0, 25
2018-01-19T04:54:01Z, 25.0, 25
2018-01-19T04:55:01Z, 25.0, 25
2018-01-19T04:56:02Z, 25.0, 25
2018-01-19T04:57:01Z, 25.0, 25
2018-01-19T04:58:01Z, 25.0, 25
2018-01-19T04:59:01Z, 25.0, 25
2018-01-19T05:00:02Z, 25.0, 25
2018-01-19T05:01:01Z, 25.0, 24
2018-01-19T05:02:02Z, 25.0, 25
2018-01-19T05:03:02Z, 25.0, 25
2018-01-19T05:04:01Z, 25.0, 24
2018-01-19T05:05:02Z, 25.0, 25
2018-01-19T05:06:01Z, 25.0, 25
2018-01-19T05:07:01Z, 25.0, 25
2018-01-19T05:08:02Z, 24.5, 25
2018-01-19T05:09:01Z, 24.5, 23
2018-01-19T05:10:02Z, 25.0, 25
2018-01-19T05:11:01Z, 25.0, 24
2018-01-19T05:12:01Z, 25.0, 25
2018-01-19T05:13:02Z, 25.6, 24
2018-01-19T05:14:01Z, 25.0, 25
2018-01-19T05:15:02Z, 25.0, 25
2018-01-19T05:16:01Z, 25.0, 25
2018-01-19T05:17:02Z, 25.0, 25
2018-01-19T05:18:01Z, 25.0, 25
2018-01-19T05:19:01Z, 25.0, 23
2018-01-19T05:20:01Z, 25.0, 25
2018-01-19T05:21:01Z, 25.0, 25
2018-01-19T05:22:01Z, 25.0, 24
2018-01-19T05:23:01Z, 25.0, 24
2018-01-19T05:24:02Z, 25.0, 24
2018-01-19T05:25:01Z, 24.5, 25
2018-01-19T05:26:02Z, 25.0, 24
2018-01-19T05:27:01Z, 25.0, 25
2018-01-19T05:28:01Z, 25.0, 25
2018-01-19T05:29:02Z, 23.9, 25
2018-01-19T05:30:01Z, 25.0, 24
2018-01-19T05:31:01Z, 25.0, 25
2018-01-19T05:32:02Z, 24.5, 25
2018-01-19T05:33:01Z, 25.0, 24
2018-01-19T05:34:02Z, 25.0, 25
2018-01-19T05:35:01Z, 25.0, 24
2018-01-19T05:36:02Z, 23.9, 25
2018-01-19T05:37:02Z, 25.0, 25
2018-01-19T05:38:01Z, 25.0, 25
2018-01-19T05:39:02Z, 25.0, 25
2018-01-19T05:40:01Z, 25.0, 25
2018-01-19T05:41:01Z, 24.5, 25
2018-01-19T05:42:02Z, 24.5, 25
2018-01-19T05:43:01Z, 25.0, 25
2018-01-19T05:44:02Z, 25.0, 25
2018-01-19T05:45:01Z, 25.0, 25
2018-01-19T05:46:02Z, 25.0, 24
2018-01-19T05:47:01Z, 24.5, 24
2018-01-19T05:48:02Z, 24.5, 25
2018-01-19T05:49:01Z, 24.5, 25
2018-01-19T05:50:02Z, 25.0, 23
2018-01-19T05:51:01Z, 24.5, 25
2018-01-19T05:52:02Z, 24.5, 25
2018-01-19T05:53:01Z, 25.0, 24
2018-01-19T05:54:01Z, 25.0, 24
2018-01-19T05:55:02Z, 25.0, 25
2018-01-19T05:56:01Z, 23.9, 25
2018-01-19T05:57:01Z, 24.5, 24
2018-01-19T05:58:02Z, 25.0, 25
2018-01-19T05:59:01Z, 25.0, 25
2018-01-19T06:00:02Z, 24.5, 25
2018-01-19T06:01:01Z, 25.0, 25
2018-01-19T06:02:01Z, 25.0, 25
2018-01-19T06:03:02Z, 25.0, 25
2018-01-19T06:04:01Z, 25.0, 24
2018-01-19T06:05:02Z, 24.5, 25
2018-01-19T06:06:01Z, 25.0, 25
2018-01-19T06:07:01Z, 25.0, 25
2018-01-19T06:08:02Z, 24.5, 24
2018-01-19T06:09:01Z, 23.9, 25
2018-01-19T06:10:02Z, 25.0, 25
2018-01-19T06:11:01Z, 25.0, 24
2018-01-19T06:12:02Z, 25.0, 23
2018-01-19T06:13:02Z, 25.0, 23
2018-01-19T06:14:01Z, 23.9, 25
2018-01-19T06:15:02Z, 24.5, 25
2018-01-19T06:16:01Z, 25.0, 24
2018-01-19T06:17:02Z, 25.0, 23
2018-01-19T06:18:02Z, 25.0, 24
2018-01-19T06:19:02Z, 24.5, 24
2018-01-19T06:20:02Z, 24.5, 23
2018-01-19T06:21:01Z, 25.0, 25
2018-01-19T06:22:02Z, 24.5, 25
2018-01-19T06:23:01Z, 24.5, 25
2018-01-19T06:24:02Z, 23.9, 25
2018-01-19T06:25:02Z, 25.0, 25
2018-01-19T06:26:02Z, 25.0, 25
2018-01-19T06:27:01Z, 25.0, 25
2018-01-19T06:28:01Z, 25.0, 24
2018-01-19T06:29:01Z, 25.0, 24
2018-01-19T06:30:01Z, 25.0, 24
2018-01-19T06:31:02Z, 25.0, 25
2018-01-19T06:32:01Z, 25.0, 25
2018-01-19T06:33:02Z, 25.0, 24
2018-01-19T06:34:02Z, 25.0, 24
2018-01-19T06:35:01Z, 24.5, 23
2018-01-19T06:36:02Z, 25.0, 25
2018-01-19T06:37:01Z, 23.9, 24
2018-01-19T06:38:02Z, 24.5, 24
2018-01-19T06:39:01Z, 25.0, 24
2018-01-19T06:40:02Z, 24.5, 25
2018-01-19T06:41:01Z, 25.0, 24
2018-01-19T06:42:02Z, 24.5, 24
2018-01-19T06:43:02Z, 24.5, 24
2018-01-19T06:44:01Z, 24.5, 25
2018-01-19T06:45:02Z, 25.0, 23
2018-01-19T06:46:01Z, 24.5, 24
2018-01-19T06:47:01Z, 24.5, 24
2018-01-19T06:48:02Z, 25.0, 25
2018-01-19T06:49:01Z, 24.5, 25
2018-01-19T06:50:02Z, 23.9, 25
2018-01-19T06:51:01Z, 24.5, 25
2018-01-19T06:52:01Z, 24.5, 25
2018-01-19T06:53:01Z, 25.0, 23
2018-01-19T06:54:01Z, 23.9, 24
2018-01-19T06:55:02Z, 24.5, 24
2018-01-19T06:56:02Z, 25.0, 24
2018-01-19T06:57:01Z, 24.5, 25
2018-01-19T06:58:02Z, 23.9, 24
2018-01-19T06:59:02Z, 24.5, 23
2018-01-19T07:00:01Z, 25.0, 23
2018-01-19T07:01:02Z, 25.0, 24
2018-01-19T07:02:02Z, 25.0, 25
2018-01-19T07:03:01Z, 24.5, 23
2018-01-19T07:04:02Z, 25.0, 25
2018-01-19T07:05:01Z, 25.0, 25
2018-01-19T07:06:02Z, 25.0, 24
2018-01-19T07:07:01Z, 24.5, 24
2018-01-19T07:08:02Z, 24.5, 25
2018-01-19T07:09:01Z, 25.0, 24
2018-01-19T07:10:01Z, 25.6, 24
2018-01-19T07:11:01Z, 23.9, 25
2018-01-19T07:12:01Z, 23.9, 25
2018-01-19T07:13:01Z, 24.5, 23
2018-01-19T07:14:01Z, 25.0, 25
2018-01-19T07:15:02Z, 24.5, 24
2018-01-19T07:16:01Z, 23.9, 23
2018-01-19T07:17:02Z, 25.0, 24
2018-01-19T07:18:02Z, 25.0, 24
2018-01-19T07:19:02Z, 23.9, 23
2018-01-19T07:20:01Z, 25.0, 23
2018-01-19T07:21:02Z, 23.9, 24
2018-01-19T07:22:01Z, 24.5, 25
2018-01-19T07:23:01Z, 25.0, 25
2018-01-19T07:24:01Z, 24.5, 25
2018-01-19T07:25:02Z, 23.9, 25
2018-01-19T07:26:02Z, 24.5, 25
2018-01-19T07:27:01Z, 25.0, 24
2018-01-19T07:28:02Z, 24.5, 24
2018-01-19T07:29:01Z, 24.5, 25
2018-01-19T07:30:02Z, 23.9, 25
2018-01-19T07:31:01Z, 25.0, 24
2018-01-19T07:32:02Z, 25.0, 23
2018-01-19T07:33:01Z, 25.0, 24
2018-01-19T07:34:01Z, 25.0, 24
2018-01-19T07:35:02Z, 23.9, 24
2018-01-19T07:36:01Z, 24.5, 24
2018-01-19T07:37:02Z, 24.5, 24
2018-01-19T07:38:02Z, 23.9, 23
2018-01-19T07:39:01Z, 25.0, 25
2018-01-19T07:40:02Z, 25.0, 23
2018-01-19T07:41:01Z, 23.9, 23
2018-01-19T07:42:02Z, 23.9, 24
2018-01-19T07:43:01Z, 24.5, 23
2018-01-19T07:44:01Z, 25.0, 25
2018-01-19T07:45:02Z, 23.9, 24
2018-01-19T07:46:01Z, 24.5, 24
2018-01-19T07:47:01Z, 25.0, 24
2018-01-19T07:48:01Z, 25.0, 23
2018-01-19T07:49:02Z, 25.0, 23
2018-01-19T07:50:01Z, 25.0, 25
2018-01-19T07:51:02Z, 25.0, 23
2018-01-19T07:52:01Z, 25.0, 23
2018-01-19T07:53:02Z, 24.5, 23
2018-01-19T07:54:01Z, 25.0, 23
2018-01-19T07:55:02Z, 25.0, 24
2018-01-19T07:56:01Z, 25.0, 23
2018-01-19T07:57:01Z, 24.5, 24
2018-01-19T07:58:02Z, 24.5, 23
2018-01-19T07:59:01Z, 25.0, 25
2018-01-19T08:00:01Z, 24.5, 24
2018-01-19T08:01:02Z, 24.5, 25
2018-01-19T08:02:02Z, 24.5, 23
2018-01-19T08:03:01Z, 25.0, 24
2018-01-19T08:04:02Z, 24.5, 25
2018-01-19T08:05:01Z, 23.9, 23
2018-01-19T08:06:02Z, 25.0, 25
2018-01-19T08:07:02Z, 25.0, 23
2018-01-19T08:08:01Z, 25.0, 25
2018-01-19T08:09:02Z, 23.9, 25
2018-01-19T08:10:01Z, 23.9, 25
2018-01-19T08:11:02Z, 24.5, 25
2018-01-19T08:12:02Z, 25.0, 25
2018-01-19T08:13:01Z, 25.0, 23
2018-01-19T08:14:02Z, 25.0, 25
2018-01-19T08:15:01Z, 23.9, 23
2018-01-19T08:16:02Z, 23.9, 24
2018-01-19T08:17:01Z, 23.9, 25
2018-01-19T08:18:02Z, 23.9, 23
2018-01-19T08:19:02Z, 23.9, 25
2018-01-19T08:20:01Z, 23.9, 23
2018-01-19T08:21:02Z, 23.9, 23
2018-01-19T08:22:01Z, 23.9, 24
2018-01-19T08:23:02Z, 25.0, 25
2018-01-19T08:24:02Z, 25.0, 23
2018-01-19T08:25:01Z, 25.0, 23
2018-01-19T08:26:02Z, 23.9, 23
2018-01-19T08:27:02Z, 23.9, 24
2018-01-19T08:28:01Z, 24.5, 24
2018-01-19T08:29:02Z, 24.5, 23
2018-01-19T08:30:01Z, 23.9, 25
2018-01-19T08:31:02Z, 23.9, 23
2018-01-19T08:32:01Z, 23.9, 24
2018-01-19T08:33:02Z, 25.0, 25
2018-01-19T08:34:01Z, 25.0, 23
2018-01-19T08:35:02Z, 24.5, 23
2018-01-19T08:36:01Z, 24.5, 23
2018-01-19T08:37:02Z, 25.0, 25
2018-01-19T08:38:01Z, 24.5, 24
2018-01-19T08:39:01Z, 24.5, 23
2018-01-19T08:40:02Z, 24.5, 23
2018-01-19T08:41:01Z, 23.9, 23
2018-01-19T08:42:02Z, 24.5, 25
2018-01-19T08:43:01Z, 25.0, 24
2018-01-19T08:44:01Z, 25.0, 25
2018-01-19T08:45:02Z, 24.5, 25
2018-01-19T08:46:01Z, 25.0, 23
2018-01-19T08:47:02Z, 25.0, 25
2018-01-19T08:48:02Z, 24.5, 24
2018-01-19T08:49:02Z, 25.0, 25
2018-01-19T08:50:02Z, 25.0, 23
2018-01-19T08:51:02Z, 25.0, 25
2018-01-19T08:52:01Z, 25.0, 25
2018-01-19T08:53:02Z, 25.0, 25
2018-01-19T08:54:01Z, 25.0, 25
2018-01-19T08:55:02Z, 23.9, 25
2018-01-19T08:56:02Z, 25.0, 25
2018-01-19T08:57:01Z, 23.9, 25
2018-01-19T08:58:02Z, 23.9, 25
2018-01-19T08:59:01Z, 25.0, 25
2018-01-19T09:00:01Z, 25.0, 25
2018-01-19T09:01:02Z, 25.0, 25
2018-01-19T09:02:01Z, 25.0, 25
2018-01-19T09:03:02Z, 25.0, 25
2018-01-19T09:04:02Z, 25.0, 25
2018-01-19T09:05:01Z, 25.0, 24
2018-01-19T09:06:02Z, 25.0, 23
2018-01-19T09:07:01Z, 25.0, 24
2018-01-19T09:08:01Z, 25.0, 25
2018-01-19T09:09:02Z, 25.0, 24
2018-01-19T09:10:01Z, 23.9, 23
2018-01-19T09:11:02Z, 24.5, 23
2018-01-19T09:12:01Z, 25.0, 24
2018-01-19T09:13:02Z, 25.0, 25
2018-01-19T09:14:02Z, 25.0, 23
2018-01-19T09:15:01Z, 25.0, 24
2018-01-19T09:16:02Z, 24.5, 25
2018-01-19T09:17:01Z, 25.0, 25
2018-01-19T09:18:02Z, 25.0, 25
2018-01-19T09:19:02Z, 25.0, 25
2018-01-19T09:20:01Z, 24.5, 25
2018-01-19T09:21:02Z, 23.9, 25
2018-01-19T09:22:02Z, 23.9, 24
2018-01-19T09:23:02Z, 25.0, 25
2018-01-19T09:24:01Z, 25.0, 25
2018-01-19T09:25:02Z, 24.5, 25
2018-01-19T09:26:01Z, 25.0, 25
2018-01-19T09:27:02Z, 25.0, 25
2018-01-19T09:28:01Z, 25.0, 24
2018-01-19T09:29:01Z, 25.0, 23
2018-01-19T09:30:01Z, 25.0, 25
2018-01-19T09:31:01Z, 24.5, 25
2018-01-19T09:32:01Z, 25.0, 25
2018-01-19T09:33:01Z, 25.0, 25
2018-01-19T09:34:02Z, 25.0, 25
2018-01-19T09:35:02Z, 25.6, 23
2018-01-19T09:36:02Z, 24.5, 25
2018-01-19T09:37:01Z, 25.0, 25
2018-01-19T09:38:02Z, 25.0, 25
2018-01-19T09:39:01Z, 25.0, 25
2018-01-19T09:40:01Z, 25.0, 25
2018-01-19T09:41:02Z, 25.0, 24
2018-01-19T09:42:01Z, 24.5, 24
2018-01-19T09:43:02Z, 24.5, 25
2018-01-19T09:44:01Z, 24.5, 23
2018-01-19T09:45:01Z, 25.0, 25
2018-01-19T09:46:02Z, 25.0, 25
2018-01-19T09:47:01Z, 24.5, 23
2018-01-19T09:48:02Z, 25.0, 23
2018-01-19T09:49:02Z, 25.0, 25
2018-01-19T09:50:01Z, 24.5, 25
2018-01-19T09:51:02Z, 23.9, 23
2018-01-19T09:52:01Z, 25.0, 24
2018-01-19T09:53:02Z, 23.9, 25
2018-01-19T09:54:02Z, 23.9, 24
2018-01-19T09:55:01Z, 23.9, 24
2018-01-19T09:56:02Z, 23.9, 24
2018-01-19T09:57:01Z, 24.5, 23
2018-01-19T09:58:01Z, 23.9, 25
2018-01-19T09:59:02Z, 25.0, 24
2018-01-19T10:00:01Z, 23.9, 23
2018-01-19T10:01:01Z, 24.5, 23
2018-01-19T10:02:02Z, 25.0, 23
2018-01-19T10:03:01Z, 23.9, 24
2018-01-19T10:04:02Z, 24.5, 25
2018-01-19T10:05:01Z, 25.0, 24
2018-01-19T10:06:02Z, 25.0, 24
2018-01-19T10:07:01Z, 23.9, 24
2018-01-19T10:08:01Z, 24.5, 24
2018-01-19T10:09:02Z, 23.9, 23
2018-01-19T10:10:01Z, 25.0, 23
2018-01-19T10:11:02Z, 24.5, 23
2018-01-19T10:12:01Z, 23.9, 25
2018-01-19T10:13:01Z, 25.0, 23
2018-01-19T10:14:02Z, 24.5, 24
2018-01-19T10:15:01Z, 24.5, 23
2018-01-19T10:16:02Z, 23.9, 25
2018-01-19T10:17:01Z, 23.9, 24
2018-01-19T10:18:02Z, 23.9, 25
2018-01-19T10:19:01Z, 23.9, 24
2018-01-19T10:20:02Z, 24.5, 24
2018-01-19T10:21:01Z, 25.0, 23
2018-01-19T10:22:02Z, 23.9, 24
2018-01-19T10:23:01Z, 25.0, 23
2018-01-19T10:24:02Z, 24.5, 24
2018-01-19T10:25:01Z, 23.9, 24
2018-01-19T10:26:01Z, 25.0, 23
2018-01-19T10:27:02Z, 25.0, 25
2018-01-19T10:28:01Z, 25.0, 23
2018-01-19T10:29:02Z, 25.0, 24
2018-01-19T10:30:01Z, 25.0, 25
2018-01-19T10:31:01Z, 25.0, 24
2018-01-19T10:32:02Z, 24.5, 24
2018-01-19T10:33:01Z, 25.0, 23
2018-01-19T10:34:02Z, 25.0, 24
2018-01-19T10:35:01Z, 23.9, 23
2018-01-19T10:36:02Z, 25.0, 24
2018-01-19T10:37:02Z, 24.5, 24
2018-01-19T10:38:01Z, 23.9, 23
2018-01-19T10:39:02Z, 24.5, 24
2018-01-19T10:40:01Z, 23.9, 23
2018-01-19T10:41:01Z, 23.9, 25
2018-01-19T10:42:02Z, 23.9, 23
2018-01-19T10:43:01Z, 23.9, 25
2018-01-19T10:44:02Z, 24.5, 23
2018-01-19T10:45:01Z, 23.9, 24
2018-01-19T10:46:01Z, 24.5, 24
2018-01-19T10:47:02Z, 25.0, 23
2018-01-19T10:48:01Z, 23.9, 23
2018-01-19T10:49:02Z, 24.5, 25
2018-01-19T10:50:01Z, 24.5, 23
2018-01-19T10:51:02Z, 23.9, 23
2018-01-19T10:52:01Z, 23.9, 23
2018-01-19T10:53:02Z, 25.0, 23
2018-01-19T10:54:02Z, 23.9, 24
2018-01-19T10:55:02Z, 23.9, 24
2018-01-19T10:56:01Z, 25.0, 25
2018-01-19T10:57:01Z, 24.5, 24
2018-01-19T10:58:02Z, 23.9, 25
2018-01-19T10:59:01Z, 25.0, 24
2018-01-19T11:00:01Z, 25.0, 25
2018-01-19T11:01:02Z, 25.0, 25
2018-01-19T11:02:02Z, 24.5, 25
2018-01-19T11:03:01Z, 24.5, 24
2018-01-19T11:04:02Z, 24.5, 23
2018-01-19T11:05:01Z, 23.9, 25
2018-01-19T11:06:02Z, 23.9, 23
2018-01-19T11:07:01Z, 25.0, 23
2018-01-19T11:08:01Z, 23.9, 25
2018-01-19T11:09:02Z, 23.9, 23
2018-01-19T11:10:01Z, 24.5, 25
2018-01-19T11:11:02Z, 25.0, 24
2018-01-19T11:12:01Z, 25.0, 24
2018-01-19T11:13:02Z, 25.0, 24
2018-01-19T11:14:01Z, 25.0, 24
2018-01-19T11:15:02Z, 25.0, 25
2018-01-19T11:16:01Z, 25.0, 25
2018-01-19T11:17:02Z, 24.5, 23
2018-01-19T11:18:01Z, 24.5, 25
2018-01-19T11:19:02Z, 23.9, 23
2018-01-19T11:20:02Z, 25.0, 25
2018-01-19T11:21:01Z, 23.9, 25
2018-01-19T11:22:02Z, 23.9, 23
2018-01-19T11:23:01Z, 25.0, 25
2018-01-19T11:24:01Z, 23.9, 23
2018-01-19T11:25:02Z, 24.5, 24
2018-01-19T11:26:01Z, 25.0, 24
2018-01-19T11:27:02Z, 23.9, 24
2018-01-19T11:28:02Z, 25.0, 24
2018-01-19T11:29:01Z, 25.0, 24
2018-01-19T11:30:02Z, 23.9, 23
2018-01-19T11:31:01Z, 24.5, 23
2018-01-19T11:32:02Z, 25.0, 24
2018-01-19T11:33:02Z, 25.0, 25
2018-01-19T11:34:01Z, 23.9, 25
2018-01-19T11:35:02Z, 25.0, 23
2018-01-19T11:36:01Z, 25.0, 24
2018-01-19T11:37:02Z, 25.0, 24
2018-01-19T11:38:01Z, 24.5, 23
2018-01-19T11:39:02Z, 23.9, 23
2018-01-19T11:40:01Z, 24.5, 23
2018-01-19T11:41:02Z, 23.9, 25
2018-01-19T11:42:01Z, 23.9, 24
2018-01-19T11:43:02Z, 25.0, 24
2018-01-19T11:44:02Z, 23.9, 25
2018-01-19T11:45:01Z, 23.9, 24
2018-01-19T11:46:01Z, 24.5, 23
2018-01-19T11:47:01Z, 23.9, 25
2018-01-19T11:48:02Z, 24.5, 25
2018-01-19T11:49:01Z, 23.9, 24
2018-01-19T11:50:02Z, 23.9, 23
2018-01-19T11:51:01Z, 24.5, 23
2018-01-19T11:52:01Z, 24.5, 25
2018-01-19T11:53:02Z, 25.0, 25
2018-01-19T11:54:01Z, 25.0, 25
2018-01-19T11:55:02Z, 25.0, 23
2018-01-19T11:56:01Z, 25.0, 24
2018-01-19T11:57:02Z, 25.0, 24
2018-01-19T11:58:01Z, 25.0, 24
2018-01-19T11:59:01Z, 24.5, 25
2018-01-19T12:00:01Z, 25.0, 23
2018-01-19T12:01:01Z, 24.5, 25
2018-01-19T12:02:02Z, 25.0, 25
2018-01-19T12:03:01Z, 24.5, 25
2018-01-19T12:04:02Z, 24.5, 25
2018-01-19T12:05:01Z, 24.5, 24
2018-01-19T12:06:01Z, 24.5, 25
2018-01-19T12:07:02Z, 25.0, 25
2018-01-19T12:08:01Z, 25.0, 25
2018-01-19T12:09:02Z, 25.0, 25
2018-01-19T12:10:01Z, 23.9, 25
2018-01-19T12:11:01Z, 23.9, 25
2018-01-19T12:12:02Z, 25.0, 23
2018-01-19T12:13:01Z, 24.5, 25
2018-01-19T12:14:02Z, 25.0, 25
2018-01-19T12:15:01Z, 24.5, 25
2018-01-19T12:16:01Z, 25.0, 25
2018-01-19T12:17:02Z, 25.0, 25
2018-01-19T12:18:01Z, 24.5, 25
2018-01-19T12:19:02Z, 25.0, 25
2018-01-19T12:20:01Z, 24.5, 23
2018-01-19T12:21:01Z, 25.0, 25
2018-01-19T12:22:02Z, 25.0, 23
2018-01-19T12:23:01Z, 25.0, 24
2018-01-19T12:24:01Z, 24.5, 25
2018-01-19T12:25:02Z, 25.0, 25
2018-01-19T12:26:01Z, 25.0, 25
2018-01-19T12:27:01Z, 25.0, 25
2018-01-19T12:28:02Z, 25.0, 25
2018-01-19T12:29:01Z, 25.0, 25
2018-01-19T12:30:02Z, 25.0, 25
2018-01-19T12:31:02Z, 25.6, 25
2018-01-19T12:32:03Z, 26.1, 26
2018-01-19T12:33:02Z, 26.1, 26
2018-01-19T12:34:02Z, 26.1, 26
2018-01-19T12:35:02Z, 26.1, 26
2018-01-19T12:36:01Z, 26.1, 26
2018-01-19T12:37:02Z, 25.6, 26
2018-01-19T12:38:02Z, 26.1, 25
2018-01-19T12:39:01Z, 25.0, 25
2018-01-19T12:40:02Z, 25.6, 25
2018-01-19T12:41:02Z, 25.6, 25
2018-01-19T12:42:01Z, 25.6, 25
2018-01-19T12:43:01Z, 25.6, 25
2018-01-19T12:44:01Z, 25.0, 25
2018-01-19T12:45:02Z, 25.0, 25
2018-01-19T12:46:01Z, 25.6, 25
2018-01-19T12:47:01Z, 25.0, 25
2018-01-19T12:48:02Z, 25.0, 25
2018-01-19T12:49:01Z, 25.0, 25
2018-01-19T12:50:02Z, 25.0, 25
2018-01-19T12:51:01Z, 25.6, 25
2018-01-19T12:52:02Z, 25.0, 25
2018-01-19T12:53:02Z, 25.0, 25
2018-01-19T12:54:01Z, 25.6, 25
2018-01-19T12:55:02Z, 25.0, 25
2018-01-19T12:56:01Z, 25.0, 25
2018-01-19T12:57:02Z, 25.0, 25
2018-01-19T12:58:01Z, 25.6, 25
2018-01-19T12:59:01Z, 25.0, 25
2018-01-19T13:00:02Z, 25.0, 25
2018-01-19T13:01:01Z, 25.0, 25
2018-01-19T13:02:02Z, 25.6, 25
2018-01-19T13:03:01Z, 25.0, 25
2018-01-19T13:04:02Z, 25.0, 25
2018-01-19T13:05:01Z, 25.0, 25
2018-01-19T13:06:01Z, 25.0, 25
2018-01-19T13:07:02Z, 25.6, 25
2018-01-19T13:08:01Z, 25.0, 25
2018-01-19T13:09:02Z, 25.6, 25
2018-01-19T13:10:02Z, 25.0, 25
2018-01-19T13:11:01Z, 25.6, 25
2018-01-19T13:12:02Z, 25.6, 25
2018-01-19T13:13:01Z, 25.6, 25
2018-01-19T13:14:02Z, 25.0, 25
2018-01-19T13:15:01Z, 25.6, 25
2018-01-19T13:16:01Z, 25.0, 25
2018-01-19T13:17:02Z, 25.0, 25
2018-01-19T13:18:01Z, 25.0, 25
2018-01-19T13:19:02Z, 25.0, 25
2018-01-19T13:20:01Z, 25.0, 25
2018-01-19T13:21:02Z, 25.6, 25
2018-01-19T13:22:01Z, 25.0, 25
2018-01-19T13:23:02Z, 25.6, 25
2018-01-19T13:24:01Z, 25.6, 25
2018-01-19T13:25:02Z, 25.0, 25
2018-01-19T13:26:01Z, 25.0, 25
2018-01-19T13:27:01Z, 25.6, 25
2018-01-19T13:28:02Z, 25.0, 25
2018-01-19T13:29:01Z, 25.0, 26
2018-01-19T13:30:01Z, 25.6, 25
2018-01-19T13:31:02Z, 25.0, 25
2018-01-19T13:32:01Z, 25.0, 25
2018-01-19T13:33:02Z, 25.6, 25
2018-01-19T13:34:01Z, 25.0, 25
2018-01-19T13:35:01Z, 25.0, 25
2018-01-19T13:36:01Z, 25.6, 25
2018-01-19T13:37:01Z, 25.0, 25
2018-01-19T13:38:02Z, 25.6, 25
2018-01-19T13:39:01Z, 25.0, 25
2018-01-19T13:40:02Z, 25.6, 25
2018-01-19T13:41:02Z, 25.6, 25
2018-01-19T13:42:02Z, 25.0, 25
2018-01-19T13:43:01Z, 25.0, 25
2018-01-19T13:44:02Z, 25.0, 25
2018-01-19T13:45:02Z, 25.6, 25
2018-01-19T13:46:01Z, 25.0, 25
2018-01-19T13:47:02Z, 25.0, 25
2018-01-19T13:48:01Z, 25.0, 25
2018-01-19T13:49:01Z, 25.0, 25
2018-01-19T13:50:01Z, 25.6, 25
2018-01-19T13:51:02Z, 25.0, 25
2018-01-19T13:52:01Z, 25.6, 25
2018-01-19T13:53:02Z, 25.6, 25
2018-01-19T13:54:01Z, 25.6, 25
2018-01-19T13:55:01Z, 25.6, 25
2018-01-19T13:56:02Z, 25.0, 25
2018-01-19T13:57:01Z, 25.6, 25
2018-01-19T13:58:02Z, 25.0, 25
2018-01-19T13:59:01Z, 25.6, 25
2018-01-19T14:00:01Z, 25.0, 25
2018-01-19T14:01:02Z, 25.0, 25
2018-01-19T14:02:01Z, 25.6, 25
2018-01-19T14:03:01Z, 25.0, 26
2018-01-19T14:04:01Z, 25.0, 25
2018-01-19T14:05:02Z, 25.0, 25
2018-01-19T14:06:02Z, 25.0, 26
2018-01-19T14:07:01Z, 25.6, 25
2018-01-19T14:08:02Z, 25.0, 25
2018-01-19T14:09:01Z, 25.6, 25
2018-01-19T14:10:02Z, 25.6, 25
2018-01-19T14:11:01Z, 25.6, 25
2018-01-19T14:12:02Z, 25.6, 25
2018-01-19T14:13:01Z, 25.0, 26
2018-01-19T14:14:02Z, 26.1, 25
2018-01-19T14:15:02Z, 25.6, 25
2018-01-19T14:16:01Z, 25.6, 25
2018-01-19T14:17:02Z, 25.0, 26
2018-01-19T14:18:01Z, 25.6, 25
2018-01-19T14:19:02Z, 25.6, 26
2018-01-19T14:20:01Z, 25.6, 26
2018-01-19T14:21:01Z, 25.6, 25
2018-01-19T14:22:02Z, 25.6, 25
2018-01-19T14:23:01Z, 25.6, 25
2018-01-19T14:24:02Z, 25.6, 25
2018-01-19T14:25:01Z, 26.1, 25
2018-01-19T14:26:02Z, 26.1, 25
2018-01-19T14:27:01Z, 25.6, 26
2018-01-19T14:28:02Z, 25.6, 26
2018-01-19T14:29:02Z, 26.1, 25
2018-01-19T14:30:02Z, 25.6, 25
2018-01-19T14:31:01Z, 26.1, 26
2018-01-19T14:32:01Z, 26.1, 26
2018-01-19T14:33:02Z, 26.1, 26
2018-01-19T14:34:02Z, 26.1, 26
2018-01-19T14:35:01Z, 26.1, 26
2018-01-19T14:36:01Z, 26.1, 26
2018-01-19T14:37:02Z, 26.1, 26
2018-01-19T14:38:01Z, 26.1, 26
2018-01-19T14:39:02Z, 26.1, 26
2018-01-19T14:40:02Z, 25.6, 26
2018-01-19T14:41:02Z, 26.1, 26
2018-01-19T14:42:01Z, 26.1, 26
2018-01-19T14:43:01Z, 26.1, 26
2018-01-19T14:44:02Z, 26.1, 26
2018-01-19T14:45:01Z, 26.1, 26
2018-01-19T14:46:01Z, 26.1, 26
2018-01-19T14:47:02Z, 26.1, 26
2018-01-19T14:48:01Z, 26.1, 26
2018-01-19T14:49:01Z, 26.6, 26
2018-01-19T14:50:01Z, 26.6, 26
2018-01-19T14:51:02Z, 26.1, 26
2018-01-19T14:52:01Z, 26.1, 26
2018-01-19T14:53:02Z, 26.1, 26
2018-01-19T14:54:01Z, 26.6, 26
2018-01-19T14:55:02Z, 26.1, 26
2018-01-19T14:56:02Z, 27.2, 26
2018-01-19T14:57:01Z, 26.1, 26
2018-01-19T14:58:02Z, 26.6, 26
2018-01-19T14:59:01Z, 26.1, 26
2018-01-19T15:00:02Z, 26.1, 26
2018-01-19T15:01:01Z, 26.1, 26
2018-01-19T15:02:02Z, 26.6, 26
2018-01-19T15:03:02Z, 26.1, 26
2018-01-19T15:04:01Z, 27.2, 26
2018-01-19T15:05:02Z, 26.1, 26
2018-01-19T15:06:01Z, 26.1, 26
2018-01-19T15:07:02Z, 27.2, 26
2018-01-19T15:08:01Z, 27.2, 26
2018-01-19T15:09:01Z, 26.6, 26
2018-01-19T15:10:02Z, 26.6, 26
2018-01-19T15:11:01Z, 26.1, 27
2018-01-19T15:12:02Z, 26.1, 27
2018-01-19T15:13:01Z, 27.2, 27
2018-01-19T15:14:02Z, 27.2, 27
2018-01-19T15:15:02Z, 27.2, 26
2018-01-19T15:16:02Z, 27.2, 27
2018-01-19T15:17:01Z, 26.6, 27
2018-01-19T15:18:01Z, 26.1, 27
2018-01-19T15:19:01Z, 26.1, 27
2018-01-19T15:20:01Z, 26.6, 26
2018-01-19T15:21:02Z, 27.2, 26
2018-01-19T15:22:01Z, 26.6, 27
2018-01-19T15:23:01Z, 26.6, 26
2018-01-19T15:24:01Z, 26.1, 27
2018-01-19T15:25:02Z, 27.2, 26
2018-01-19T15:26:01Z, 27.2, 27
2018-01-19T15:27:02Z, 26.1, 26
2018-01-19T15:28:02Z, 27.2, 27
2018-01-19T15:29:01Z, 26.6, 26
2018-01-19T15:30:02Z, 27.2, 26
2018-01-19T15:31:01Z, 27.2, 26
2018-01-19T15:32:02Z, 26.1, 26
2018-01-19T15:33:01Z, 27.2, 27
2018-01-19T15:34:01Z, 26.1, 26
2018-01-19T15:35:02Z, 27.2, 27
2018-01-19T15:36:01Z, 27.2, 27
2018-01-19T15:37:02Z, 27.2, 27
2018-01-19T15:38:02Z, 27.2, 27
2018-01-19T15:39:01Z, 27.2, 27
2018-01-19T15:40:02Z, 27.2, 27
2018-01-19T15:41:01Z, 27.2, 27
2018-01-19T15:42:01Z, 27.2, 27
2018-01-19T15:43:02Z, 27.2, 27
2018-01-19T15:44:01Z, 27.2, 27
2018-01-19T15:45:01Z, 27.2, 27
2018-01-19T15:46:02Z, 27.2, 27
2018-01-19T15:47:01Z, 27.2, 27
2018-01-19T15:48:01Z, 27.2, 27
2018-01-19T15:49:02Z, 26.1, 26
2018-01-19T15:50:01Z, 27.2, 27
2018-01-19T15:51:02Z, 27.2, 27
2018-01-19T15:52:02Z, 27.2, 26
2018-01-19T15:53:01Z, 27.2, 26
2018-01-19T15:54:02Z, 27.2, 26
2018-01-19T15:55:01Z, 27.2, 27
2018-01-19T15:56:01Z, 27.2, 26
2018-01-19T15:57:02Z, 27.2, 27
2018-01-19T15:58:01Z, 27.2, 27
2018-01-19T15:59:02Z, 27.2, 26
2018-01-19T16:00:01Z, 27.2, 27
2018-01-19T16:01:02Z, 27.2, 27
2018-01-19T16:02:01Z, 27.2, 27
2018-01-19T16:03:02Z, 27.2, 27
2018-01-19T16:04:02Z, 27.2, 27
2018-01-19T16:05:02Z, 27.2, 27
2018-01-19T16:06:02Z, 27.7, 27
2018-01-19T16:07:02Z, 27.2, 27
2018-01-19T16:08:02Z, 27.2, 27
2018-01-19T16:09:01Z, 27.2, 27
2018-01-19T16:10:01Z, 27.2, 27
2018-01-19T16:11:02Z, 27.2, 27
2018-01-19T16:12:01Z, 27.2, 27
2018-01-19T16:13:01Z, 27.2, 27
2018-01-19T16:14:02Z, 27.7, 27
2018-01-19T16:15:01Z, 27.2, 27
2018-01-19T16:16:02Z, 27.7, 27
2018-01-19T16:17:01Z, 28.2, 27
2018-01-19T16:18:02Z, 27.2, 27
2018-01-19T16:19:02Z, 27.2, 27
2018-01-19T16:20:01Z, 27.7, 27
2018-01-19T16:21:01Z, 28.2, 27
2018-01-19T16:22:01Z, 27.7, 28
2018-01-19T16:23:01Z, 28.2, 27
2018-01-19T16:24:02Z, 28.2, 28
2018-01-19T16:25:02Z, 28.2, 28
2018-01-19T16:26:01Z, 28.2, 27
2018-01-19T16:27:02Z, 28.2, 27
2018-01-19T16:28:01Z, 27.7, 27
2018-01-19T16:29:02Z, 28.2, 28
2018-01-19T16:30:01Z, 28.2, 28
2018-01-19T16:31:02Z, 27.7, 27
2018-01-19T16:32:01Z, 28.2, 27
2018-01-19T16:33:02Z, 27.7, 27
2018-01-19T16:34:02Z, 27.2, 27
2018-01-19T16:35:01Z, 27.7, 27
2018-01-19T16:36:02Z, 27.7, 27
2018-01-19T16:37:01Z, 27.7, 28
2018-01-19T16:38:02Z, 28.2, 28
2018-01-19T16:39:01Z, 28.2, 27
2018-01-19T16:40:01Z, 28.2, 28
2018-01-19T16:41:02Z, 27.7, 27
2018-01-19T16:42:01Z, 28.2, 28
2018-01-19T16:43:02Z, 27.7, 28
2018-01-19T16:44:01Z, 27.7, 28
2018-01-19T16:45:01Z, 28.2, 28
2018-01-19T16:46:02Z, 28.2, 28
2018-01-19T16:47:01Z, 28.2, 28
2018-01-19T16:48:02Z, 28.2, 28
2018-01-19T16:49:02Z, 28.2, 28
2018-01-19T16:50:01Z, 28.2, 28
2018-01-19T16:51:02Z, 28.2, 28
2018-01-19T16:52:01Z, 28.2, 28
2018-01-19T16:53:01Z, 28.8, 28
2018-01-19T16:54:02Z, 28.2, 28
2018-01-19T16:55:01Z, 28.8, 28
2018-01-19T16:56:02Z, 28.2, 28
2018-01-19T16:57:01Z, 28.2, 28
2018-01-19T16:58:02Z, 28.2, 28
2018-01-19T16:59:01Z, 28.2, 29
2018-01-19T17:00:02Z, 28.2, 28
2018-01-19T17:01:01Z, 28.2, 28
2018-01-19T17:02:01Z, 28.2, 28
2018-01-19T17:03:02Z, 28.2, 28
2018-01-19T17:04:01Z, 28.8, 27
2018-01-19T17:05:02Z, 28.2, 28
2018-01-19T17:06:02Z, 28.8, 28
2018-01-19T17:07:02Z, 28.8, 28
2018-01-19T17:08:01Z, 28.8, 28
2018-01-19T17:09:02Z, 29.3, 28
2018-01-19T17:10:01Z, 28.8, 29
2018-01-19T17:11:01Z, 29.3, 29
2018-01-19T17:12:02Z, 29.3, 28
2018-01-19T17:13:01Z, 29.3, 29
2018-01-19T17:14:01Z, 29.3, 28
2018-01-19T17:15:02Z, 28.8, 29
2018-01-19T17:16:01Z, 29.3, 29
2018-01-19T17:17:02Z, 29.3, 29
2018-01-19T17:18:02Z, 29.3, 29
2018-01-19T17:19:01Z, 29.3, 29
2018-01-19T17:20:02Z, 28.8, 29
2018-01-19T17:21:01Z, 29.3, 29
2018-01-19T17:22:01Z, 29.3, 29
2018-01-19T17:23:02Z, 29.3, 29
2018-01-19T17:24:01Z, 29.3, 29
2018-01-19T17:25:02Z, 29.3, 29
2018-01-19T17:26:02Z, 29.3, 29
2018-01-19T17:27:01Z, 29.9, 29
2018-01-19T17:28:02Z, 29.9, 29
2018-01-19T17:29:02Z, 29.3, 29
2018-01-19T17:30:02Z, 29.3, 29
2018-01-19T17:31:02Z, 29.3, 29
2018-01-19T17:32:01Z, 29.3, 29
2018-01-19T17:33:02Z, 29.9, 29
2018-01-19T17:34:01Z, 29.3, 29
2018-01-19T17:35:02Z, 29.3, 29
2018-01-19T17:36:02Z, 29.3, 29
2018-01-19T17:37:01Z, 29.3, 29
2018-01-19T17:38:02Z, 29.3, 29
2018-01-19T17:39:02Z, 29.3, 28
2018-01-19T17:40:01Z, 29.3, 29
2018-01-19T17:41:02Z, 29.3, 29
2018-01-19T17:42:01Z, 29.3, 29
2018-01-19T17:43:02Z, 29.3, 28
2018-01-19T17:44:01Z, 29.3, 29
2018-01-19T17:45:01Z, 28.8, 28
2018-01-19T17:46:02Z, 29.9, 29
2018-01-19T17:47:01Z, 29.3, 29
2018-01-19T17:48:02Z, 29.3, 29
2018-01-19T17:49:02Z, 29.3, 28
2018-01-19T17:50:02Z, 29.3, 29
2018-01-19T17:51:01Z, 28.8, 29
2018-01-19T17:52:02Z, 29.3, 29
2018-01-19T17:53:01Z, 29.3, 29
2018-01-19T17:54:02Z, 28.2, 29
2018-01-19T17:55:01Z, 29.3, 28
2018-01-19T17:56:02Z, 29.3, 29
2018-01-19T17:57:01Z, 29.3, 28
2018-01-19T17:58:02Z, 29.3, 28
2018-01-19T17:59:01Z, 29.3, 28
2018-01-19T18:00:02Z, 29.3, 29
2018-01-19T18:01:02Z, 28.8, 29
2018-01-19T18:02:01Z, 29.3, 28
2018-01-19T18:03:02Z, 29.3, 29
2018-01-19T18:04:01Z, 28.8, 28
2018-01-19T18:05:01Z, 29.3, 28
2018-01-19T18:06:02Z, 28.8, 28
2018-01-19T18:07:01Z, 29.3, 29
2018-01-19T18:08:02Z, 29.3, 29
2018-01-19T18:09:01Z, 28.2, 29
2018-01-19T18:10:01Z, 29.3, 28
2018-01-19T18:11:01Z, 29.3, 29
2018-01-19T18:12:01Z, 28.8, 29
2018-01-19T18:13:01Z, 28.8, 29
2018-01-19T18:14:02Z, 29.3, 29
2018-01-19T18:15:02Z, 29.3, 29
2018-01-19T18:16:01Z, 29.3, 29
2018-01-19T18:17:02Z, 29.3, 28
2018-01-19T18:18:01Z, 29.3, 29
2018-01-19T18:19:02Z, 28.2, 29
2018-01-19T18:20:01Z, 29.3, 29
2018-01-19T18:21:01Z, 29.3, 29
2018-01-19T18:22:02Z, 29.3, 29
2018-01-19T18:23:01Z, 29.3, 29
2018-01-19T18:24:01Z, 29.3, 29
2018-01-19T18:25:01Z, 28.8, 28
2018-01-19T18:26:02Z, 29.3, 29
2018-01-19T18:27:01Z, 29.3, 28
2018-01-19T18:28:02Z, 29.3, 29
2018-01-19T18:29:02Z, 29.3, 28
2018-01-19T18:30:01Z, 29.3, 29
2018-01-19T18:31:02Z, 29.3, 29
2018-01-19T18:32:01Z, 28.2, 28
2018-01-19T18:33:02Z, 29.3, 28
2018-01-19T18:34:01Z, 29.9, 29
2018-01-19T18:35:01Z, 29.3, 29
2018-01-19T18:36:02Z, 29.3, 28
2018-01-19T18:37:01Z, 28.8, 29
2018-01-19T18:38:02Z, 29.3, 29
2018-01-19T18:39:01Z, 29.3, 29
2018-01-19T18:40:02Z, 29.3, 29
2018-01-19T18:41:01Z, 29.3, 29
2018-01-19T18:42:02Z, 29.3, 29
2018-01-19T18:43:02Z, 29.9, 29
2018-01-19T18:44:01Z, 29.3, 29
2018-01-19T18:45:02Z, 29.3, 29
2018-01-19T18:46:01Z, 29.3, 29
2018-01-19T18:47:02Z, 30.4, 29
2018-01-19T18:48:01Z, 29.9, 29
2018-01-19T18:49:02Z, 30.4, 29
2018-01-19T18:50:01Z, 29.9, 29
2018-01-19T18:51:01Z, 29.9, 29
2018-01-19T18:52:02Z, 29.3, 29
2018-01-19T18:53:01Z, 29.9, 30
2018-01-19T18:54:02Z, 29.3, 29
2018-01-19T18:55:01Z, 29.9, 29
2018-01-19T18:56:01Z, 29.3, 29
2018-01-19T18:57:02Z, 29.3, 29
2018-01-19T18:58:01Z, 29.3, 29
2018-01-19T18:59:02Z, 29.3, 29
2018-01-19T19:00:01Z, 29.9, 29
2018-01-19T19:01:02Z, 30.4, 29
2018-01-19T19:02:02Z, 29.9, 30
2018-01-19T19:03:01Z, 29.9, 30
2018-01-19T19:04:02Z, 29.9, 29
2018-01-19T19:05:02Z, 29.9, 29
2018-01-19T19:06:01Z, 29.3, 30
2018-01-19T19:07:02Z, 30.4, 29
2018-01-19T19:08:01Z, 30.4, 29
2018-01-19T19:09:01Z, 29.9, 29
2018-01-19T19:10:01Z, 29.9, 29
2018-01-19T19:11:02Z, 29.9, 29
2018-01-19T19:12:01Z, 29.9, 30
2018-01-19T19:13:01Z, 29.9, 29
2018-01-19T19:14:01Z, 29.9, 30
2018-01-19T19:15:01Z, 30.4, 30
2018-01-19T19:16:02Z, 30.4, 29
2018-01-19T19:17:02Z, 29.9, 30
2018-01-19T19:18:02Z, 30.4, 30
2018-01-19T19:19:01Z, 30.4, 29
2018-01-19T19:20:02Z, 30.4, 29
2018-01-19T19:21:02Z, 30.4, 30
2018-01-19T19:22:02Z, 30.4, 30
2018-01-19T19:23:02Z, 29.9, 30
2018-01-19T19:24:01Z, 30.9, 30
2018-01-19T19:25:02Z, 30.4, 30
2018-01-19T19:26:01Z, 29.9, 30
2018-01-19T19:27:02Z, 29.9, 30
2018-01-19T19:28:01Z, 30.4, 30
2018-01-19T19:29:02Z, 30.4, 29
2018-01-19T19:30:02Z, 30.4, 30
2018-01-19T19:31:01Z, 29.9, 30
2018-01-19T19:32:02Z, 29.3, 29
2018-01-19T19:33:01Z, 29.9, 29
2018-01-19T19:34:02Z, 29.3, 29
2018-01-19T19:35:01Z, 29.9, 29
2018-01-19T19:36:01Z, 29.3, 29
2018-01-19T19:37:02Z, 29.9, 29
2018-01-19T19:38:01Z, 29.3, 29
2018-01-19T19:39:02Z, 29.3, 29
2018-01-19T19:40:01Z, 29.3, 29
2018-01-19T19:41:02Z, 29.3, 29
2018-01-19T19:42:01Z, 29.3, 29
2018-01-19T19:43:01Z, 29.9, 29
2018-01-19T19:44:02Z, 29.3, 29
2018-01-19T19:45:01Z, 29.3, 29
2018-01-19T19:46:02Z, 29.9, 29
2018-01-19T19:47:01Z, 29.9, 29
2018-01-19T19:48:01Z, 29.3, 29
2018-01-19T19:49:02Z, 29.9, 29
2018-01-19T19:50:01Z, 29.9, 29
2018-01-19T19:51:02Z, 29.9, 29
2018-01-19T19:52:01Z, 29.9, 29
2018-01-19T19:53:02Z, 29.9, 29
2018-01-19T19:54:02Z, 29.3, 29
2018-01-19T19:55:02Z, 29.9, 29
2018-01-19T19:56:01Z, 29.9, 29
2018-01-19T19:57:02Z, 29.9, 30
2018-01-19T19:58:01Z, 29.9, 29
2018-01-19T19:59:02Z, 29.9, 30
2018-01-19T20:00:01Z, 30.4, 30
2018-01-19T20:01:02Z, 29.9, 29
2018-01-19T20:02:01Z, 29.9, 29
2018-01-19T20:03:01Z, 29.9, 30
2018-01-19T20:04:02Z, 29.9, 30
2018-01-19T20:05:01Z, 30.4, 29
2018-01-19T20:06:02Z, 29.9, 30
2018-01-19T20:07:01Z, 30.4, 29
2018-01-19T20:08:02Z, 30.4, 29
2018-01-19T20:09:01Z, 30.4, 30
2018-01-19T20:10:02Z, 30.4, 30
2018-01-19T20:11:02Z, 30.4, 30
2018-01-19T20:12:01Z, 30.9, 29
2018-01-19T20:13:02Z, 30.9, 31
2018-01-19T20:14:01Z, 31.5, 31
2018-01-19T20:15:02Z, 31.5, 31
2018-01-19T20:16:01Z, 31.5, 31
2018-01-19T20:17:02Z, 31.5, 31
2018-01-19T20:18:02Z, 31.5, 31
2018-01-19T20:19:01Z, 31.5, 31
2018-01-19T20:20:02Z, 31.5, 31
2018-01-19T20:21:01Z, 31.5, 31
2018-01-19T20:22:02Z, 31.5, 31
2018-01-19T20:23:01Z, 31.5, 31
2018-01-19T20:24:01Z, 31.5, 31
2018-01-19T20:25:02Z, 31.5, 31
2018-01-19T20:26:01Z, 31.5, 31
2018-01-19T20:27:02Z, 31.5, 31
2018-01-19T20:28:01Z, 31.5, 31
2018-01-19T20:29:02Z, 31.5, 31
2018-01-19T20:30:02Z, 31.5, 31
2018-01-19T20:31:02Z, 31.5, 31
2018-01-19T20:32:02Z, 30.9, 31
2018-01-19T20:33:01Z, 31.5, 31
2018-01-19T20:34:02Z, 31.5, 31
2018-01-19T20:35:01Z, 30.9, 31
2018-01-19T20:36:01Z, 31.5, 31
2018-01-19T20:37:02Z, 31.5, 31
2018-01-19T20:38:02Z, 31.5, 32
2018-01-19T20:39:02Z, 32.0, 31
2018-01-19T20:40:01Z, 31.5, 30
2018-01-19T20:41:02Z, 32.0, 31
2018-01-19T20:42:01Z, 31.5, 31
2018-01-19T20:43:02Z, 31.5, 30
2018-01-19T20:44:02Z, 31.5, 31
2018-01-19T20:45:01Z, 31.5, 31
2018-01-19T20:46:01Z, 31.5, 31
2018-01-19T20:47:02Z, 31.5, 31
2018-01-19T20:48:01Z, 31.5, 31
2018-01-19T20:49:02Z, 31.5, 31
2018-01-19T20:50:01Z, 30.9, 31
2018-01-19T20:51:02Z, 31.5, 31
2018-01-19T20:52:01Z, 31.5, 31
2018-01-19T20:53:01Z, 31.5, 31
2018-01-19T20:54:02Z, 31.5, 31
2018-01-19T20:55:01Z, 31.5, 31
2018-01-19T20:56:02Z, 31.5, 31
2018-01-19T20:57:01Z, 32.0, 31
2018-01-19T20:58:01Z, 31.5, 31
2018-01-19T20:59:02Z, 31.5, 31
2018-01-19T21:00:01Z, 31.5, 31
2018-01-19T21:01:02Z, 31.5, 31
2018-01-19T21:02:01Z, 31.5, 31
2018-01-19T21:03:02Z, 31.5, 31
2018-01-19T21:04:02Z, 32.0, 32
2018-01-19T21:05:01Z, 31.5, 31
2018-01-19T21:06:02Z, 31.5, 31
2018-01-19T21:07:01Z, 31.5, 31
2018-01-19T21:08:02Z, 31.5, 31
2018-01-19T21:09:01Z, 31.5, 31
2018-01-19T21:10:02Z, 31.5, 31
2018-01-19T21:11:02Z, 31.5, 31
2018-01-19T21:12:02Z, 31.5, 31
2018-01-19T21:13:02Z, 31.5, 31
2018-01-19T21:14:01Z, 31.5, 31
2018-01-19T21:15:02Z, 31.5, 31
2018-01-19T21:16:01Z, 30.9, 31
2018-01-19T21:17:02Z, 31.5, 31
2018-01-19T21:18:01Z, 31.5, 30
2018-01-19T21:19:02Z, 31.5, 30
2018-01-19T21:20:02Z, 31.5, 31
2018-01-19T21:21:01Z, 31.5, 31
2018-01-19T21:22:02Z, 30.9, 30
2018-01-19T21:23:01Z, 30.4, 31
2018-01-19T21:24:02Z, 31.5, 30
2018-01-19T21:25:01Z, 30.4, 30
2018-01-19T21:26:01Z, 30.9, 30
2018-01-19T21:27:02Z, 30.4, 30
2018-01-19T21:28:01Z, 30.4, 29
2018-01-19T21:29:02Z, 30.4, 30
2018-01-19T21:30:01Z, 30.4, 30
2018-01-19T21:31:02Z, 30.4, 29
2018-01-19T21:32:01Z, 30.4, 29
2018-01-19T21:33:01Z, 30.4, 30
2018-01-19T21:34:02Z, 30.4, 29
2018-01-19T21:35:01Z, 29.9, 29
2018-01-19T21:36:01Z, 30.4, 29
2018-01-19T21:37:02Z, 29.9, 29
2018-01-19T21:38:01Z, 30.4, 29
2018-01-19T21:39:02Z, 29.9, 30
2018-01-19T21:40:02Z, 30.4, 30
2018-01-19T21:41:02Z, 30.4, 29
2018-01-19T21:42:02Z, 30.4, 29
2018-01-19T21:43:02Z, 30.4, 30
2018-01-19T21:44:01Z, 30.4, 30
2018-01-19T21:45:02Z, 29.9, 29
2018-01-19T21:46:01Z, 30.4, 29
2018-01-19T21:47:02Z, 29.9, 30
2018-01-19T21:48:02Z, 29.9, 29
2018-01-19T21:49:01Z, 30.4, 30
2018-01-19T21:50:02Z, 30.4, 29
2018-01-19T21:51:01Z, 29.9, 30
2018-01-19T21:52:02Z, 30.4, 29
2018-01-19T21:53:01Z, 29.9, 29
2018-01-19T21:54:02Z, 29.9, 29
2018-01-19T21:55:01Z, 30.4, 29
2018-01-19T21:56:01Z, 29.9, 30
2018-01-19T21:57:02Z, 29.3, 29
2018-01-19T21:58:01Z, 29.3, 29
2018-01-19T21:59:01Z, 29.9, 29
2018-01-19T22:00:02Z, 29.9, 29
2018-01-19T22:01:01Z, 30.4, 29
2018-01-19T22:02:02Z, 29.9, 29
2018-01-19T22:03:01Z, 29.9, 29
2018-01-19T22:04:01Z, 30.4, 29
2018-01-19T22:05:02Z, 29.3, 29
2018-01-19T22:06:01Z, 30.4, 29
2018-01-19T22:07:02Z, 29.9, 29
2018-01-19T22:08:01Z, 30.4, 30
2018-01-19T22:09:01Z, 29.9, 29
2018-01-19T22:10:01Z, 29.3, 29
2018-01-19T22:11:02Z, 30.4, 29
2018-01-19T22:12:01Z, 29.9, 30
2018-01-19T22:13:02Z, 29.9, 29
2018-01-19T22:14:01Z, 30.4, 29
2018-01-19T22:15:01Z, 29.9, 30
2018-01-19T22:16:02Z, 29.9, 29
2018-01-19T22:17:02Z, 30.4, 30
2018-01-19T22:18:01Z, 29.9, 29
2018-01-19T22:19:02Z, 29.3, 29
2018-01-19T22:20:01Z, 30.4, 30
2018-01-19T22:21:01Z, 30.4, 29
2018-01-19T22:22:02Z, 29.9, 29
2018-01-19T22:23:01Z, 30.4, 29
2018-01-19T22:24:02Z, 29.9, 29
2018-01-19T22:25:02Z, 29.3, 29
2018-01-19T22:26:01Z, 29.9, 29
2018-01-19T22:27:02Z, 29.9, 29
2018-01-19T22:28:01Z, 29.9, 29
2018-01-19T22:29:02Z, 29.9, 29
2018-01-19T22:30:01Z, 29.3, 29
2018-01-19T22:31:02Z, 29.3, 29
2018-01-19T22:32:02Z, 29.9, 29
2018-01-19T22:33:01Z, 29.9, 29
2018-01-19T22:34:02Z, 29.3, 29
2018-01-19T22:35:01Z, 29.3, 29
2018-01-19T22:36:02Z, 29.3, 29
2018-01-19T22:37:02Z, 29.3, 29
2018-01-19T22:38:02Z, 29.3, 29
2018-01-19T22:39:02Z, 28.8, 29
2018-01-19T22:40:01Z, 29.3, 28
2018-01-19T22:41:02Z, 29.3, 29
2018-01-19T22:42:01Z, 29.3, 29
2018-01-19T22:43:02Z, 29.3, 29
2018-01-19T22:44:01Z, 29.3, 28
2018-01-19T22:45:01Z, 29.3, 28
2018-01-19T22:46:01Z, 29.3, 29
2018-01-19T22:47:01Z, 28.2, 29
2018-01-19T22:48:02Z, 29.3, 29
2018-01-19T22:49:01Z, 29.3, 28
2018-01-19T22:50:02Z, 28.2, 28
2018-01-19T22:51:01Z, 27.7, 28
2018-01-19T22:52:02Z, 27.7, 28
2018-01-19T22:53:01Z, 28.2, 28
2018-01-19T22:54:02Z, 28.2, 28
2018-01-19T22:55:01Z, 28.2, 27
2018-01-19T22:56:01Z, 27.7, 28
2018-01-19T22:57:02Z, 28.2, 28
2018-01-19T22:58:02Z, 27.7, 28
2018-01-19T22:59:01Z, 27.7, 27
2018-01-19T23:00:01Z, 28.2, 27
2018-01-19T23:01:01Z, 28.2, 27
2018-01-19T23:02:01Z, 27.7, 27
2018-01-19T23:03:01Z, 27.7, 27
2018-01-19T23:04:02Z, 27.7, 28
2018-01-19T23:05:01Z, 27.7, 27
2018-01-19T23:06:02Z, 27.7, 27
2018-01-19T23:07:01Z, 27.7, 27
2018-01-19T23:08:02Z, 27.2, 27
2018-01-19T23:09:01Z, 27.2, 27
2018-01-19T23:10:02Z, 27.2, 27
2018-01-19T23:11:01Z, 27.7, 27
2018-01-19T23:12:01Z, 27.2, 27
2018-01-19T23:13:02Z, 27.7, 27
2018-01-19T23:14:01Z, 27.7, 27
2018-01-19T23:15:01Z, 27.2, 27
2018-01-19T23:16:01Z, 27.7, 28
2018-01-19T23:17:02Z, 27.7, 27
2018-01-19T23:18:01Z, 27.2, 27
2018-01-19T23:19:01Z, 27.2, 27
2018-01-19T23:20:02Z, 27.7, 27
2018-01-19T23:21:01Z, 27.2, 27
2018-01-19T23:22:02Z, 27.7, 28
2018-01-19T23:23:01Z, 27.7, 27
2018-01-19T23:24:01Z, 27.7, 27
2018-01-19T23:25:02Z, 27.2, 27
2018-01-19T23:26:01Z, 27.7, 28
2018-01-19T23:27:02Z, 27.7, 28
2018-01-19T23:28:01Z, 27.2, 27
2018-01-19T23:29:02Z, 27.2, 27
2018-01-19T23:30:01Z, 27.2, 27
2018-01-19T23:31:02Z, 27.7, 27
2018-01-19T23:32:02Z, 28.2, 27
2018-01-19T23:33:01Z, 27.2, 27
2018-01-19T23:34:02Z, 27.2, 27
2018-01-19T23:35:01Z, 27.2, 27
2018-01-19T23:36:01Z, 28.2, 27
2018-01-19T23:37:02Z, 27.2, 27
2018-01-19T23:38:01Z, 27.2, 27
2018-01-19T23:39:02Z, 27.7, 27
2018-01-19T23:40:01Z, 27.2, 27
2018-01-19T23:41:01Z, 27.2, 27
2018-01-19T23:42:01Z, 27.2, 27
2018-01-19T23:43:02Z, 27.2, 27
2018-01-19T23:44:01Z, 27.7, 27
2018-01-19T23:45:01Z, 27.2, 27
2018-01-19T23:46:02Z, 27.7, 27
2018-01-19T23:47:01Z, 27.7, 28
2018-01-19T23:48:02Z, 27.2, 27
2018-01-19T23:49:01Z, 27.7, 27
2018-01-19T23:50:02Z, 27.7, 27
2018-01-19T23:51:01Z, 27.7, 27
2018-01-19T23:52:02Z, 27.2, 27
2018-01-19T23:53:01Z, 27.2, 27
2018-01-19T23:54:01Z, 27.7, 27
2018-01-19T23:55:02Z, 27.2, 27
2018-01-19T23:56:01Z, 27.7, 27
2018-01-19T23:57:02Z, 27.2, 27
2018-01-19T23:58:02Z, 27.2, 27
2018-01-19T23:59:01Z, 27.2, 27
